﻿<?xml version="1.0" encoding="utf-8" ?>
<Data>
  <transaction>
    <AcctHolder>Donald Trump</AcctHolder>
    <AcctNum>33445</AcctNum>
    <FedRefNum>ZFU7823FK90</FedRefNum>
    <DorW>W</DorW>
    <Amount>3500.00</Amount>
    <DateTime>2016-02-09</DateTime>
  </transaction>
  <transaction>
    <AcctHolder>Peewee Herman</AcctHolder>
    <AcctNum>44556</AcctNum>
    <FedRefNum>HJK7823FK90</FedRefNum>
    <DorW>W</DorW>
    <Amount>2000.00</Amount>
    <DateTime>2016-02-09</DateTime>
  </transaction>
  <transaction>
    <AcctHolder>Tom Cruise</AcctHolder>
    <AcctNum>55667</AcctNum>
    <FedRefNum>LPO7823FK90</FedRefNum>
    <DorW>D</DorW>
    <Amount>250.00</Amount>
    <DateTime>2016-02-06</DateTime>
  </transaction>
  <transaction>
    <AcctHolder>Hillary Clinton</AcctHolder>
    <AcctNum>66778</AcctNum>
    <FedRefNum>UYT7823FK90</FedRefNum>
    <DorW>D</DorW>
    <Amount>430.00</Amount>
    <DateTime>2016-02-06</DateTime>
  </transaction>
</Data>