﻿<?xml version="1.0" encoding="utf-8" ?>
<Data>
  <transaction>
    <AcctHolder>Donald Duck</AcctHolder>
    <AcctNum>34598</AcctNum>
    <FedRefNum>ZFU7823FK90</FedRefNum>
    <DorW>D</DorW>
    <Amount>1000.00</Amount>
    <DateTime>2016-02-08</DateTime>
  </transaction>
  <transaction>
    <AcctHolder>Mickey Mouse</AcctHolder>
    <AcctNum>66778</AcctNum>
    <FedRefNum>PLU7823FG90</FedRefNum>
    <DorW>D</DorW>
    <Amount>2030.89</Amount>
    <DateTime>2016-02-08</DateTime>
  </transaction>
  <transaction>
    <AcctHolder>Minnie Mouse</AcctHolder>
    <AcctNum>11223</AcctNum>
    <FedRefNum>XFU7907FK90</FedRefNum>
    <DorW>D</DorW>
    <Amount>100.00</Amount>
    <DateTime>2016-02-07</DateTime>
  </transaction>
</Data>