﻿<?xml version="1.0" encoding="utf-8" ?>
<Data>
  <transaction>
    <AcctHolder>George Washington</AcctHolder>
    <AcctNum>98765</AcctNum>
    <FedRefNum>EDF7823FK90</FedRefNum>
    <DorW>D</DorW>
    <Amount>4000.00</Amount>
    <DateTime>2016-02-07</DateTime>
  </transaction>
  <transaction>
    <AcctHolder>Abe Lincoln</AcctHolder>
    <AcctNum>47921</AcctNum>
    <FedRefNum>ASD7823FK90</FedRefNum>
    <DorW>D</DorW>
    <Amount>2800.00</Amount>
    <DateTime>2016-02-07</DateTime>
  </transaction>
  <transaction>
    <AcctHolder>Alfred E. Neuman</AcctHolder>
    <AcctNum>40923</AcctNum>
    <FedRefNum>BVC7823FK90</FedRefNum>
    <DorW>D</DorW>
    <Amount>1750.00</Amount>
    <DateTime>2016-02-07</DateTime>
  </transaction>
</Data>