﻿<?xml version="1.0" encoding="utf-8" ?>
<Data>
  <transaction>
    <AcctHolder>George Washington</AcctHolder>
    <AcctNum>98765</AcctNum>
    <FedRefNum>ZFU9045FK90</FedRefNum>
    <DorW>D</DorW>
    <Amount>500.00</Amount>
    <DateTime>2016-02-09</DateTime>
  </transaction>
  <transaction>
    <AcctHolder>Porky Pig</AcctHolder>
    <AcctNum>11199</AcctNum>
    <FedRefNum>ZFU8734FK90</FedRefNum>
    <DorW>D</DorW>
    <Amount>6000.00</Amount>
    <DateTime>2016-02-09</DateTime>
  </transaction>
  <transaction>
    <AcctHolder>Dick Tracey</AcctHolder>
    <AcctNum>22288</AcctNum>
    <FedRefNum>ZFU3287FK90</FedRefNum>
    <DorW>D</DorW>
    <Amount>250.00</Amount>
    <DateTime>2016-02-09</DateTime>
  </transaction>
  <transaction>
    <AcctHolder>Porky Pig</AcctHolder>
    <AcctNum>11199</AcctNum>
    <FedRefNum>ZFU8734FK91</FedRefNum>
    <DorW>D</DorW>
    <Amount>600.00</Amount>
    <DateTime>2016-02-09</DateTime>
  </transaction>
  <transaction>
    <AcctHolder>Kermit Frog</AcctHolder>
    <AcctNum>64932</AcctNum>
    <FedRefNum>ZFU8734JY90</FedRefNum>
    <DorW>D</DorW>
    <Amount>500.00</Amount>
    <DateTime>2016-02-08</DateTime>
  </transaction>
</Data>